"user1","TestingPassword1"
"user2","TestingPassword2"
"user3","TestingPassword3"
"user4","TestingPassword4"
"user5","TestingPassword5"
"user6","TestingPassword6"
"user7","TestingPassword7"
"user8","TestingPassword8"
"user9","TestingPassword9"
"user10","TestingPassword10"
"user11","TestingPassword11"
"user12","TestingPassword12"
"user13","TestingPassword13"
"user14","TestingPassword14"
"user15","TestingPassword15"
"user16","TestingPassword16"
"user17","TestingPassword17"
"user18","TestingPassword18"
"user19","TestingPassword19"
"user20","TestingPassword20"
"user21","TestingPassword21"
"user22","TestingPassword22"
"user23","TestingPassword23"
"user24","TestingPassword24"
"user25","TestingPassword25"
"user26","TestingPassword26"
"user27","TestingPassword27"
"user28","TestingPassword28"
"user29","TestingPassword29"
"user30","TestingPassword30"
"user31","TestingPassword31"
"user32","TestingPassword32"
"user33","TestingPassword33"
"user34","TestingPassword34"
"user35","TestingPassword35"
"user36","TestingPassword36"
"user37","TestingPassword37"
"user38","TestingPassword38"
"user39","TestingPassword39"
"user40","TestingPassword40"
"user41","TestingPassword41"
"user42","TestingPassword42"
"user43","TestingPassword43"
"user44","TestingPassword44"
"user45","TestingPassword45"
"user46","TestingPassword46"
"user47","TestingPassword47"
"user48","TestingPassword48"
"user49","TestingPassword49"
"user50","TestingPassword50"
"user51","TestingPassword51"
"user52","TestingPassword52"
"user53","TestingPassword53"
"user54","TestingPassword54"
"user55","TestingPassword55"
"user56","TestingPassword56"
"user57","TestingPassword57"
"user58","TestingPassword58"
"user59","TestingPassword59"
"user60","TestingPassword60"
"user61","TestingPassword61"
"user62","TestingPassword62"
"user63","TestingPassword63"
"user64","TestingPassword64"
"user65","TestingPassword65"
"user66","TestingPassword66"
"user67","TestingPassword67"
"user68","TestingPassword68"
"user69","TestingPassword69"
"user70","TestingPassword70"
"user71","TestingPassword71"
"user72","TestingPassword72"
"user73","TestingPassword73"
"user74","TestingPassword74"
"user75","TestingPassword75"
"user76","TestingPassword76"
"user77","TestingPassword77"
"user78","TestingPassword78"
"user79","TestingPassword79"
"user80","TestingPassword80"
"user81","TestingPassword81"
"user82","TestingPassword82"
"user83","TestingPassword83"
"user84","TestingPassword84"
"user85","TestingPassword85"
"user86","TestingPassword86"
"user87","TestingPassword87"
"user88","TestingPassword88"
"user89","TestingPassword89"
"user90","TestingPassword90"
"user91","TestingPassword91"
"user92","TestingPassword92"
"user93","TestingPassword93"
"user94","TestingPassword94"
"user95","TestingPassword95"
"user96","TestingPassword96"
"user97","TestingPassword97"
"user98","TestingPassword98"
"user99","TestingPassword99"
"user100","TestingPassword100"
"user101","TestingPassword101"
"user102","TestingPassword102"
"user103","TestingPassword103"
"user104","TestingPassword104"
"user105","TestingPassword105"
"user106","TestingPassword106"
"user107","TestingPassword107"
"user108","TestingPassword108"
"user109","TestingPassword109"
"user110","TestingPassword110"
"user111","TestingPassword111"
"user112","TestingPassword112"
"user113","TestingPassword113"
"user114","TestingPassword114"
"user115","TestingPassword115"
"user116","TestingPassword116"
"user117","TestingPassword117"
"user118","TestingPassword118"
"user119","TestingPassword119"
"user120","TestingPassword120"
"user121","TestingPassword121"
"user122","TestingPassword122"
"user123","TestingPassword123"
"user124","TestingPassword124"
"user125","TestingPassword125"
"user126","TestingPassword126"
"user127","TestingPassword127"
"user128","TestingPassword128"
"user129","TestingPassword129"
"user130","TestingPassword130"
"user131","TestingPassword131"
"user132","TestingPassword132"
"user133","TestingPassword133"
"user134","TestingPassword134"
"user135","TestingPassword135"
"user136","TestingPassword136"
"user137","TestingPassword137"
"user138","TestingPassword138"
"user139","TestingPassword139"
"user140","TestingPassword140"
"user141","TestingPassword141"
"user142","TestingPassword142"
"user143","TestingPassword143"
"user144","TestingPassword144"
"user145","TestingPassword145"
"user146","TestingPassword146"
"user147","TestingPassword147"
"user148","TestingPassword148"
"user149","TestingPassword149"
"user150","TestingPassword150"
"user151","TestingPassword151"
"user152","TestingPassword152"
"user153","TestingPassword153"
"user154","TestingPassword154"
"user155","TestingPassword155"
"user156","TestingPassword156"
"user157","TestingPassword157"
"user158","TestingPassword158"
"user159","TestingPassword159"
"user160","TestingPassword160"
"user161","TestingPassword161"
"user162","TestingPassword162"
"user163","TestingPassword163"
"user164","TestingPassword164"
"user165","TestingPassword165"
"user166","TestingPassword166"
"user167","TestingPassword167"
"user168","TestingPassword168"
"user169","TestingPassword169"
"user170","TestingPassword170"
"user171","TestingPassword171"
"user172","TestingPassword172"
"user173","TestingPassword173"
"user174","TestingPassword174"
"user175","TestingPassword175"
"user176","TestingPassword176"
"user177","TestingPassword177"
"user178","TestingPassword178"
"user179","TestingPassword179"
"user180","TestingPassword180"
"user181","TestingPassword181"
"user182","TestingPassword182"
"user183","TestingPassword183"
"user184","TestingPassword184"
"user185","TestingPassword185"
"user186","TestingPassword186"
"user187","TestingPassword187"
"user188","TestingPassword188"
"user189","TestingPassword189"
"user190","TestingPassword190"
"user191","TestingPassword191"
"user192","TestingPassword192"
"user193","TestingPassword193"
"user194","TestingPassword194"
"user195","TestingPassword195"
"user196","TestingPassword196"
"user197","TestingPassword197"
"user198","TestingPassword198"
"user199","TestingPassword199"
"user200","TestingPassword200"
"user201","TestingPassword201"
"user202","TestingPassword202"
"user203","TestingPassword203"
"user204","TestingPassword204"
"user205","TestingPassword205"
"user206","TestingPassword206"
"user207","TestingPassword207"
"user208","TestingPassword208"
"user209","TestingPassword209"
"user210","TestingPassword210"
"user211","TestingPassword211"
"user212","TestingPassword212"
"user213","TestingPassword213"
"user214","TestingPassword214"
"user215","TestingPassword215"
"user216","TestingPassword216"
"user217","TestingPassword217"
"user218","TestingPassword218"
"user219","TestingPassword219"
"user220","TestingPassword220"
"user221","TestingPassword221"
"user222","TestingPassword222"
"user223","TestingPassword223"
"user224","TestingPassword224"
"user225","TestingPassword225"
"user226","TestingPassword226"
"user227","TestingPassword227"
"user228","TestingPassword228"
"user229","TestingPassword229"
"user230","TestingPassword230"
"user231","TestingPassword231"
"user232","TestingPassword232"
"user233","TestingPassword233"
"user234","TestingPassword234"
"user235","TestingPassword235"
"user236","TestingPassword236"
"user237","TestingPassword237"
"user238","TestingPassword238"
"user239","TestingPassword239"
"user240","TestingPassword240"
"user241","TestingPassword241"
"user242","TestingPassword242"
"user243","TestingPassword243"
"user244","TestingPassword244"
"user245","TestingPassword245"
"user246","TestingPassword246"
"user247","TestingPassword247"
"user248","TestingPassword248"
"user249","TestingPassword249"
"user250","TestingPassword250"
"user251","TestingPassword251"
"user252","TestingPassword252"
"user253","TestingPassword253"
"user254","TestingPassword254"
"user255","TestingPassword255"
"user256","TestingPassword256"
"user257","TestingPassword257"
"user258","TestingPassword258"
"user259","TestingPassword259"
"user260","TestingPassword260"
"user261","TestingPassword261"
"user262","TestingPassword262"
"user263","TestingPassword263"
"user264","TestingPassword264"
"user265","TestingPassword265"
"user266","TestingPassword266"
"user267","TestingPassword267"
"user268","TestingPassword268"
"user269","TestingPassword269"
"user270","TestingPassword270"
"user271","TestingPassword271"
"user272","TestingPassword272"
"user273","TestingPassword273"
"user274","TestingPassword274"
"user275","TestingPassword275"
"user276","TestingPassword276"
"user277","TestingPassword277"
"user278","TestingPassword278"
"user279","TestingPassword279"
"user280","TestingPassword280"
"user281","TestingPassword281"
"user282","TestingPassword282"
"user283","TestingPassword283"
"user284","TestingPassword284"
"user285","TestingPassword285"
"user286","TestingPassword286"
"user287","TestingPassword287"
"user288","TestingPassword288"
"user289","TestingPassword289"
"user290","TestingPassword290"
"user291","TestingPassword291"
"user292","TestingPassword292"
"user293","TestingPassword293"
"user294","TestingPassword294"
"user295","TestingPassword295"
"user296","TestingPassword296"
"user297","TestingPassword297"
"user298","TestingPassword298"
"user299","TestingPassword299"
"user300","TestingPassword300"
"user301","TestingPassword301"
"user302","TestingPassword302"
"user303","TestingPassword303"
"user304","TestingPassword304"
"user305","TestingPassword305"
"user306","TestingPassword306"
"user307","TestingPassword307"
"user308","TestingPassword308"
"user309","TestingPassword309"
"user310","TestingPassword310"
"user311","TestingPassword311"
"user312","TestingPassword312"
"user313","TestingPassword313"
"user314","TestingPassword314"
"user315","TestingPassword315"
"user316","TestingPassword316"
"user317","TestingPassword317"
"user318","TestingPassword318"
"user319","TestingPassword319"
"user320","TestingPassword320"
"user321","TestingPassword321"
"user322","TestingPassword322"
"user323","TestingPassword323"
"user324","TestingPassword324"
"user325","TestingPassword325"
"user326","TestingPassword326"
"user327","TestingPassword327"
"user328","TestingPassword328"
"user329","TestingPassword329"
"user330","TestingPassword330"
"user331","TestingPassword331"
"user332","TestingPassword332"
"user333","TestingPassword333"
"user334","TestingPassword334"
"user335","TestingPassword335"
"user336","TestingPassword336"
"user337","TestingPassword337"
"user338","TestingPassword338"
"user339","TestingPassword339"
"user340","TestingPassword340"
"user341","TestingPassword341"
"user342","TestingPassword342"
"user343","TestingPassword343"
"user344","TestingPassword344"
"user345","TestingPassword345"
"user346","TestingPassword346"
"user347","TestingPassword347"
"user348","TestingPassword348"
"user349","TestingPassword349"
"user350","TestingPassword350"
"user351","TestingPassword351"
"user352","TestingPassword352"
"user353","TestingPassword353"
"user354","TestingPassword354"
"user355","TestingPassword355"
"user356","TestingPassword356"
"user357","TestingPassword357"
"user358","TestingPassword358"
"user359","TestingPassword359"
"user360","TestingPassword360"
"user361","TestingPassword361"
"user362","TestingPassword362"
"user363","TestingPassword363"
"user364","TestingPassword364"
"user365","TestingPassword365"
"user366","TestingPassword366"
"user367","TestingPassword367"
"user368","TestingPassword368"
"user369","TestingPassword369"
"user370","TestingPassword370"
"user371","TestingPassword371"
"user372","TestingPassword372"
"user373","TestingPassword373"
"user374","TestingPassword374"
"user375","TestingPassword375"
"user376","TestingPassword376"
"user377","TestingPassword377"
"user378","TestingPassword378"
"user379","TestingPassword379"
"user380","TestingPassword380"
"user381","TestingPassword381"
"user382","TestingPassword382"
"user383","TestingPassword383"
"user384","TestingPassword384"
"user385","TestingPassword385"
"user386","TestingPassword386"
"user387","TestingPassword387"
"user388","TestingPassword388"
"user389","TestingPassword389"
"user390","TestingPassword390"
"user391","TestingPassword391"
"user392","TestingPassword392"
"user393","TestingPassword393"
"user394","TestingPassword394"
"user395","TestingPassword395"
"user396","TestingPassword396"
"user397","TestingPassword397"
"user398","TestingPassword398"
"user399","TestingPassword399"
"user400","TestingPassword400"
"user401","TestingPassword401"
"user402","TestingPassword402"
"user403","TestingPassword403"
"user404","TestingPassword404"
"user405","TestingPassword405"
"user406","TestingPassword406"
"user407","TestingPassword407"
"user408","TestingPassword408"
"user409","TestingPassword409"
"user410","TestingPassword410"
"user411","TestingPassword411"
"user412","TestingPassword412"
"user413","TestingPassword413"
"user414","TestingPassword414"
"user415","TestingPassword415"
"user416","TestingPassword416"
"user417","TestingPassword417"
"user418","TestingPassword418"
"user419","TestingPassword419"
"user420","TestingPassword420"
"user421","TestingPassword421"
"user422","TestingPassword422"
"user423","TestingPassword423"
"user424","TestingPassword424"
"user425","TestingPassword425"
"user426","TestingPassword426"
"user427","TestingPassword427"
"user428","TestingPassword428"
"user429","TestingPassword429"
"user430","TestingPassword430"
"user431","TestingPassword431"
"user432","TestingPassword432"
"user433","TestingPassword433"
"user434","TestingPassword434"
"user435","TestingPassword435"
"user436","TestingPassword436"
"user437","TestingPassword437"
"user438","TestingPassword438"
"user439","TestingPassword439"
"user440","TestingPassword440"
"user441","TestingPassword441"
"user442","TestingPassword442"
"user443","TestingPassword443"
"user444","TestingPassword444"
"user445","TestingPassword445"
"user446","TestingPassword446"
"user447","TestingPassword447"
"user448","TestingPassword448"
"user449","TestingPassword449"
"user450","TestingPassword450"
"user451","TestingPassword451"
"user452","TestingPassword452"
"user453","TestingPassword453"
"user454","TestingPassword454"
"user455","TestingPassword455"
"user456","TestingPassword456"
"user457","TestingPassword457"
"user458","TestingPassword458"
"user459","TestingPassword459"
"user460","TestingPassword460"
"user461","TestingPassword461"
"user462","TestingPassword462"
"user463","TestingPassword463"
"user464","TestingPassword464"
"user465","TestingPassword465"
"user466","TestingPassword466"
"user467","TestingPassword467"
"user468","TestingPassword468"
"user469","TestingPassword469"
"user470","TestingPassword470"
"user471","TestingPassword471"
"user472","TestingPassword472"
"user473","TestingPassword473"
"user474","TestingPassword474"
"user475","TestingPassword475"
"user476","TestingPassword476"
"user477","TestingPassword477"
"user478","TestingPassword478"
"user479","TestingPassword479"
"user480","TestingPassword480"
"user481","TestingPassword481"
"user482","TestingPassword482"
"user483","TestingPassword483"
"user484","TestingPassword484"
"user485","TestingPassword485"
"user486","TestingPassword486"
"user487","TestingPassword487"
"user488","TestingPassword488"
"user489","TestingPassword489"
"user490","TestingPassword490"
"user491","TestingPassword491"
"user492","TestingPassword492"
"user493","TestingPassword493"
"user494","TestingPassword494"
"user495","TestingPassword495"
"user496","TestingPassword496"
"user497","TestingPassword497"
"user498","TestingPassword498"
"user499","TestingPassword499"
"user500","TestingPassword500"
"user501","TestingPassword501"
"user502","TestingPassword502"
"user503","TestingPassword503"
"user504","TestingPassword504"
"user505","TestingPassword505"
"user506","TestingPassword506"
"user507","TestingPassword507"
"user508","TestingPassword508"
"user509","TestingPassword509"
"user510","TestingPassword510"
"user511","TestingPassword511"
"user512","TestingPassword512"
"user513","TestingPassword513"
"user514","TestingPassword514"
"user515","TestingPassword515"
"user516","TestingPassword516"
"user517","TestingPassword517"
"user518","TestingPassword518"
"user519","TestingPassword519"
"user520","TestingPassword520"
"user521","TestingPassword521"
"user522","TestingPassword522"
"user523","TestingPassword523"
"user524","TestingPassword524"
"user525","TestingPassword525"
"user526","TestingPassword526"
"user527","TestingPassword527"
"user528","TestingPassword528"
"user529","TestingPassword529"
"user530","TestingPassword530"
"user531","TestingPassword531"
"user532","TestingPassword532"
"user533","TestingPassword533"
"user534","TestingPassword534"
"user535","TestingPassword535"
"user536","TestingPassword536"
"user537","TestingPassword537"
"user538","TestingPassword538"
"user539","TestingPassword539"
"user540","TestingPassword540"
"user541","TestingPassword541"
"user542","TestingPassword542"
"user543","TestingPassword543"
"user544","TestingPassword544"
"user545","TestingPassword545"
"user546","TestingPassword546"
"user547","TestingPassword547"
"user548","TestingPassword548"
"user549","TestingPassword549"
"user550","TestingPassword550"
"user551","TestingPassword551"
"user552","TestingPassword552"
"user553","TestingPassword553"
"user554","TestingPassword554"
"user555","TestingPassword555"
"user556","TestingPassword556"
"user557","TestingPassword557"
"user558","TestingPassword558"
"user559","TestingPassword559"
"user560","TestingPassword560"
"user561","TestingPassword561"
"user562","TestingPassword562"
"user563","TestingPassword563"
"user564","TestingPassword564"
"user565","TestingPassword565"
"user566","TestingPassword566"
"user567","TestingPassword567"
"user568","TestingPassword568"
"user569","TestingPassword569"
"user570","TestingPassword570"
"user571","TestingPassword571"
"user572","TestingPassword572"
"user573","TestingPassword573"
"user574","TestingPassword574"
"user575","TestingPassword575"
"user576","TestingPassword576"
"user577","TestingPassword577"
"user578","TestingPassword578"
"user579","TestingPassword579"
"user580","TestingPassword580"
"user581","TestingPassword581"
"user582","TestingPassword582"
"user583","TestingPassword583"
"user584","TestingPassword584"
"user585","TestingPassword585"
"user586","TestingPassword586"
"user587","TestingPassword587"
"user588","TestingPassword588"
"user589","TestingPassword589"
"user590","TestingPassword590"
"user591","TestingPassword591"
"user592","TestingPassword592"
"user593","TestingPassword593"
"user594","TestingPassword594"
"user595","TestingPassword595"
"user596","TestingPassword596"
"user597","TestingPassword597"
"user598","TestingPassword598"
"user599","TestingPassword599"
"user600","TestingPassword600"
"user601","TestingPassword601"
"user602","TestingPassword602"
"user603","TestingPassword603"
"user604","TestingPassword604"
"user605","TestingPassword605"
"user606","TestingPassword606"
"user607","TestingPassword607"
"user608","TestingPassword608"
"user609","TestingPassword609"
"user610","TestingPassword610"
"user611","TestingPassword611"
"user612","TestingPassword612"
"user613","TestingPassword613"
"user614","TestingPassword614"
"user615","TestingPassword615"
"user616","TestingPassword616"
"user617","TestingPassword617"
"user618","TestingPassword618"
"user619","TestingPassword619"
"user620","TestingPassword620"
"user621","TestingPassword621"
"user622","TestingPassword622"
"user623","TestingPassword623"
"user624","TestingPassword624"
"user625","TestingPassword625"
"user626","TestingPassword626"
"user627","TestingPassword627"
"user628","TestingPassword628"
"user629","TestingPassword629"
"user630","TestingPassword630"
"user631","TestingPassword631"
"user632","TestingPassword632"
"user633","TestingPassword633"
"user634","TestingPassword634"
"user635","TestingPassword635"
"user636","TestingPassword636"
"user637","TestingPassword637"
"user638","TestingPassword638"
"user639","TestingPassword639"
"user640","TestingPassword640"
"user641","TestingPassword641"
"user642","TestingPassword642"
"user643","TestingPassword643"
"user644","TestingPassword644"
"user645","TestingPassword645"
"user646","TestingPassword646"
"user647","TestingPassword647"
"user648","TestingPassword648"
"user649","TestingPassword649"
"user650","TestingPassword650"
"user651","TestingPassword651"
"user652","TestingPassword652"
"user653","TestingPassword653"
"user654","TestingPassword654"
"user655","TestingPassword655"
"user656","TestingPassword656"
"user657","TestingPassword657"
"user658","TestingPassword658"
"user659","TestingPassword659"
"user660","TestingPassword660"
"user661","TestingPassword661"
"user662","TestingPassword662"
"user663","TestingPassword663"
"user664","TestingPassword664"
"user665","TestingPassword665"
"user666","TestingPassword666"
"user667","TestingPassword667"
"user668","TestingPassword668"
"user669","TestingPassword669"
"user670","TestingPassword670"
"user671","TestingPassword671"
"user672","TestingPassword672"
"user673","TestingPassword673"
"user674","TestingPassword674"
"user675","TestingPassword675"
"user676","TestingPassword676"
"user677","TestingPassword677"
"user678","TestingPassword678"
"user679","TestingPassword679"
"user680","TestingPassword680"
"user681","TestingPassword681"
"user682","TestingPassword682"
"user683","TestingPassword683"
"user684","TestingPassword684"
"user685","TestingPassword685"
"user686","TestingPassword686"
"user687","TestingPassword687"
"user688","TestingPassword688"
"user689","TestingPassword689"
"user690","TestingPassword690"
"user691","TestingPassword691"
"user692","TestingPassword692"
"user693","TestingPassword693"
"user694","TestingPassword694"
"user695","TestingPassword695"
"user696","TestingPassword696"
"user697","TestingPassword697"
"user698","TestingPassword698"
"user699","TestingPassword699"
"user700","TestingPassword700"
"user701","TestingPassword701"
"user702","TestingPassword702"
"user703","TestingPassword703"
"user704","TestingPassword704"
"user705","TestingPassword705"
"user706","TestingPassword706"
"user707","TestingPassword707"
"user708","TestingPassword708"
"user709","TestingPassword709"
"user710","TestingPassword710"
"user711","TestingPassword711"
"user712","TestingPassword712"
"user713","TestingPassword713"
"user714","TestingPassword714"
"user715","TestingPassword715"
"user716","TestingPassword716"
"user717","TestingPassword717"
"user718","TestingPassword718"
"user719","TestingPassword719"
"user720","TestingPassword720"
"user721","TestingPassword721"
"user722","TestingPassword722"
"user723","TestingPassword723"
"user724","TestingPassword724"
"user725","TestingPassword725"
"user726","TestingPassword726"
"user727","TestingPassword727"
"user728","TestingPassword728"
"user729","TestingPassword729"
"user730","TestingPassword730"
"user731","TestingPassword731"
"user732","TestingPassword732"
"user733","TestingPassword733"
"user734","TestingPassword734"
"user735","TestingPassword735"
"user736","TestingPassword736"
"user737","TestingPassword737"
"user738","TestingPassword738"
"user739","TestingPassword739"
"user740","TestingPassword740"
"user741","TestingPassword741"
"user742","TestingPassword742"
"user743","TestingPassword743"
"user744","TestingPassword744"
"user745","TestingPassword745"
"user746","TestingPassword746"
"user747","TestingPassword747"
"user748","TestingPassword748"
"user749","TestingPassword749"
"user750","TestingPassword750"
"user751","TestingPassword751"
"user752","TestingPassword752"
"user753","TestingPassword753"
"user754","TestingPassword754"
"user755","TestingPassword755"
"user756","TestingPassword756"
"user757","TestingPassword757"
"user758","TestingPassword758"
"user759","TestingPassword759"
"user760","TestingPassword760"
"user761","TestingPassword761"
"user762","TestingPassword762"
"user763","TestingPassword763"
"user764","TestingPassword764"
"user765","TestingPassword765"
"user766","TestingPassword766"
"user767","TestingPassword767"
"user768","TestingPassword768"
"user769","TestingPassword769"
"user770","TestingPassword770"
"user771","TestingPassword771"
"user772","TestingPassword772"
"user773","TestingPassword773"
"user774","TestingPassword774"
"user775","TestingPassword775"
"user776","TestingPassword776"
"user777","TestingPassword777"
"user778","TestingPassword778"
"user779","TestingPassword779"
"user780","TestingPassword780"
"user781","TestingPassword781"
"user782","TestingPassword782"
"user783","TestingPassword783"
"user784","TestingPassword784"
"user785","TestingPassword785"
"user786","TestingPassword786"
"user787","TestingPassword787"
"user788","TestingPassword788"
"user789","TestingPassword789"
"user790","TestingPassword790"
"user791","TestingPassword791"
"user792","TestingPassword792"
"user793","TestingPassword793"
"user794","TestingPassword794"
"user795","TestingPassword795"
"user796","TestingPassword796"
"user797","TestingPassword797"
"user798","TestingPassword798"
"user799","TestingPassword799"
"user800","TestingPassword800"
"user801","TestingPassword801"
"user802","TestingPassword802"
"user803","TestingPassword803"
"user804","TestingPassword804"
"user805","TestingPassword805"
"user806","TestingPassword806"
"user807","TestingPassword807"
"user808","TestingPassword808"
"user809","TestingPassword809"
"user810","TestingPassword810"
"user811","TestingPassword811"
"user812","TestingPassword812"
"user813","TestingPassword813"
"user814","TestingPassword814"
"user815","TestingPassword815"
"user816","TestingPassword816"
"user817","TestingPassword817"
"user818","TestingPassword818"
"user819","TestingPassword819"
"user820","TestingPassword820"
"user821","TestingPassword821"
"user822","TestingPassword822"
"user823","TestingPassword823"
"user824","TestingPassword824"
"user825","TestingPassword825"
"user826","TestingPassword826"
"user827","TestingPassword827"
"user828","TestingPassword828"
"user829","TestingPassword829"
"user830","TestingPassword830"
"user831","TestingPassword831"
"user832","TestingPassword832"
"user833","TestingPassword833"
"user834","TestingPassword834"
"user835","TestingPassword835"
"user836","TestingPassword836"
"user837","TestingPassword837"
"user838","TestingPassword838"
"user839","TestingPassword839"
"user840","TestingPassword840"
"user841","TestingPassword841"
"user842","TestingPassword842"
"user843","TestingPassword843"
"user844","TestingPassword844"
"user845","TestingPassword845"
"user846","TestingPassword846"
"user847","TestingPassword847"
"user848","TestingPassword848"
"user849","TestingPassword849"
"user850","TestingPassword850"
"user851","TestingPassword851"
"user852","TestingPassword852"
"user853","TestingPassword853"
"user854","TestingPassword854"
"user855","TestingPassword855"
"user856","TestingPassword856"
"user857","TestingPassword857"
"user858","TestingPassword858"
"user859","TestingPassword859"
"user860","TestingPassword860"
"user861","TestingPassword861"
"user862","TestingPassword862"
"user863","TestingPassword863"
"user864","TestingPassword864"
"user865","TestingPassword865"
"user866","TestingPassword866"
"user867","TestingPassword867"
"user868","TestingPassword868"
"user869","TestingPassword869"
"user870","TestingPassword870"
"user871","TestingPassword871"
"user872","TestingPassword872"
"user873","TestingPassword873"
"user874","TestingPassword874"
"user875","TestingPassword875"
"user876","TestingPassword876"
"user877","TestingPassword877"
"user878","TestingPassword878"
"user879","TestingPassword879"
"user880","TestingPassword880"
"user881","TestingPassword881"
"user882","TestingPassword882"
"user883","TestingPassword883"
"user884","TestingPassword884"
"user885","TestingPassword885"
"user886","TestingPassword886"
"user887","TestingPassword887"
"user888","TestingPassword888"
"user889","TestingPassword889"
"user890","TestingPassword890"
"user891","TestingPassword891"
"user892","TestingPassword892"
"user893","TestingPassword893"
"user894","TestingPassword894"
"user895","TestingPassword895"
"user896","TestingPassword896"
"user897","TestingPassword897"
"user898","TestingPassword898"
"user899","TestingPassword899"
"user900","TestingPassword900"
"user901","TestingPassword901"
"user902","TestingPassword902"
"user903","TestingPassword903"
"user904","TestingPassword904"
"user905","TestingPassword905"
"user906","TestingPassword906"
"user907","TestingPassword907"
"user908","TestingPassword908"
"user909","TestingPassword909"
"user910","TestingPassword910"
"user911","TestingPassword911"
"user912","TestingPassword912"
"user913","TestingPassword913"
"user914","TestingPassword914"
"user915","TestingPassword915"
"user916","TestingPassword916"
"user917","TestingPassword917"
"user918","TestingPassword918"
"user919","TestingPassword919"
"user920","TestingPassword920"
"user921","TestingPassword921"
"user922","TestingPassword922"
"user923","TestingPassword923"
"user924","TestingPassword924"
"user925","TestingPassword925"
"user926","TestingPassword926"
"user927","TestingPassword927"
"user928","TestingPassword928"
"user929","TestingPassword929"
"user930","TestingPassword930"
"user931","TestingPassword931"
"user932","TestingPassword932"
"user933","TestingPassword933"
"user934","TestingPassword934"
"user935","TestingPassword935"
"user936","TestingPassword936"
"user937","TestingPassword937"
"user938","TestingPassword938"
"user939","TestingPassword939"
"user940","TestingPassword940"
"user941","TestingPassword941"
"user942","TestingPassword942"
"user943","TestingPassword943"
"user944","TestingPassword944"
"user945","TestingPassword945"
"user946","TestingPassword946"
"user947","TestingPassword947"
"user948","TestingPassword948"
"user949","TestingPassword949"
"user950","TestingPassword950"
"user951","TestingPassword951"
"user952","TestingPassword952"
"user953","TestingPassword953"
"user954","TestingPassword954"
"user955","TestingPassword955"
"user956","TestingPassword956"
"user957","TestingPassword957"
"user958","TestingPassword958"
"user959","TestingPassword959"
"user960","TestingPassword960"
"user961","TestingPassword961"
"user962","TestingPassword962"
"user963","TestingPassword963"
"user964","TestingPassword964"
"user965","TestingPassword965"
"user966","TestingPassword966"
"user967","TestingPassword967"
"user968","TestingPassword968"
"user969","TestingPassword969"
"user970","TestingPassword970"
"user971","TestingPassword971"
"user972","TestingPassword972"
"user973","TestingPassword973"
"user974","TestingPassword974"
"user975","TestingPassword975"
"user976","TestingPassword976"
"user977","TestingPassword977"
"user978","TestingPassword978"
"user979","TestingPassword979"
"user980","TestingPassword980"
"user981","TestingPassword981"
"user982","TestingPassword982"
"user983","TestingPassword983"
"user984","TestingPassword984"
"user985","TestingPassword985"
"user986","TestingPassword986"
"user987","TestingPassword987"
"user988","TestingPassword988"
"user989","TestingPassword989"
"user990","TestingPassword990"
"user991","TestingPassword991"
"user992","TestingPassword992"
"user993","TestingPassword993"
"user994","TestingPassword994"
"user995","TestingPassword995"
"user996","TestingPassword996"
"user997","TestingPassword997"
"user998","TestingPassword998"
"user999","TestingPassword999"
"user1000","TestingPassword1000"
"user1001","TestingPassword1001"
"user1002","TestingPassword1002"
"user1003","TestingPassword1003"
"user1004","TestingPassword1004"
"user1005","TestingPassword1005"
"user1006","TestingPassword1006"
"user1007","TestingPassword1007"
"user1008","TestingPassword1008"
"user1009","TestingPassword1009"
"user1010","TestingPassword1010"
"user1011","TestingPassword1011"
"user1012","TestingPassword1012"
"user1013","TestingPassword1013"
"user1014","TestingPassword1014"
"user1015","TestingPassword1015"
"user1016","TestingPassword1016"
"user1017","TestingPassword1017"
"user1018","TestingPassword1018"
"user1019","TestingPassword1019"
"user1020","TestingPassword1020"
"user1021","TestingPassword1021"
"user1022","TestingPassword1022"
"user1023","TestingPassword1023"
"user1024","TestingPassword1024"
"user1025","TestingPassword1025"
"user1026","TestingPassword1026"
"user1027","TestingPassword1027"
"user1028","TestingPassword1028"
"user1029","TestingPassword1029"
"user1030","TestingPassword1030"
"user1031","TestingPassword1031"
"user1032","TestingPassword1032"
"user1033","TestingPassword1033"
"user1034","TestingPassword1034"
"user1035","TestingPassword1035"
"user1036","TestingPassword1036"
"user1037","TestingPassword1037"
"user1038","TestingPassword1038"
"user1039","TestingPassword1039"
"user1040","TestingPassword1040"
"user1041","TestingPassword1041"
"user1042","TestingPassword1042"
"user1043","TestingPassword1043"
"user1044","TestingPassword1044"
"user1045","TestingPassword1045"
"user1046","TestingPassword1046"
"user1047","TestingPassword1047"
"user1048","TestingPassword1048"
"user1049","TestingPassword1049"
"user1050","TestingPassword1050"
"user1051","TestingPassword1051"
"user1052","TestingPassword1052"
"user1053","TestingPassword1053"
"user1054","TestingPassword1054"
"user1055","TestingPassword1055"
"user1056","TestingPassword1056"
"user1057","TestingPassword1057"
"user1058","TestingPassword1058"
"user1059","TestingPassword1059"
"user1060","TestingPassword1060"
"user1061","TestingPassword1061"
"user1062","TestingPassword1062"
"user1063","TestingPassword1063"
"user1064","TestingPassword1064"
"user1065","TestingPassword1065"
"user1066","TestingPassword1066"
"user1067","TestingPassword1067"
"user1068","TestingPassword1068"
"user1069","TestingPassword1069"
"user1070","TestingPassword1070"
"user1071","TestingPassword1071"
"user1072","TestingPassword1072"
"user1073","TestingPassword1073"
"user1074","TestingPassword1074"
"user1075","TestingPassword1075"
"user1076","TestingPassword1076"
"user1077","TestingPassword1077"
"user1078","TestingPassword1078"
"user1079","TestingPassword1079"
"user1080","TestingPassword1080"
"user1081","TestingPassword1081"
"user1082","TestingPassword1082"
"user1083","TestingPassword1083"
"user1084","TestingPassword1084"
"user1085","TestingPassword1085"
"user1086","TestingPassword1086"
"user1087","TestingPassword1087"
"user1088","TestingPassword1088"
"user1089","TestingPassword1089"
"user1090","TestingPassword1090"
"user1091","TestingPassword1091"
"user1092","TestingPassword1092"
"user1093","TestingPassword1093"
"user1094","TestingPassword1094"
"user1095","TestingPassword1095"
"user1096","TestingPassword1096"
"user1097","TestingPassword1097"
"user1098","TestingPassword1098"
"user1099","TestingPassword1099"
"user1100","TestingPassword1100"
"user1101","TestingPassword1101"
"user1102","TestingPassword1102"
"user1103","TestingPassword1103"
"user1104","TestingPassword1104"
"user1105","TestingPassword1105"
"user1106","TestingPassword1106"
"user1107","TestingPassword1107"
"user1108","TestingPassword1108"
"user1109","TestingPassword1109"
"user1110","TestingPassword1110"
"user1111","TestingPassword1111"
"user1112","TestingPassword1112"
"user1113","TestingPassword1113"
"user1114","TestingPassword1114"
"user1115","TestingPassword1115"
"user1116","TestingPassword1116"
"user1117","TestingPassword1117"
"user1118","TestingPassword1118"
"user1119","TestingPassword1119"
"user1120","TestingPassword1120"
"user1121","TestingPassword1121"
"user1122","TestingPassword1122"
"user1123","TestingPassword1123"
"user1124","TestingPassword1124"
"user1125","TestingPassword1125"
"user1126","TestingPassword1126"
"user1127","TestingPassword1127"
"user1128","TestingPassword1128"
"user1129","TestingPassword1129"
"user1130","TestingPassword1130"
"user1131","TestingPassword1131"
"user1132","TestingPassword1132"
"user1133","TestingPassword1133"
"user1134","TestingPassword1134"
"user1135","TestingPassword1135"
"user1136","TestingPassword1136"
"user1137","TestingPassword1137"
"user1138","TestingPassword1138"
"user1139","TestingPassword1139"
"user1140","TestingPassword1140"
"user1141","TestingPassword1141"
"user1142","TestingPassword1142"
"user1143","TestingPassword1143"
"user1144","TestingPassword1144"
"user1145","TestingPassword1145"
"user1146","TestingPassword1146"
"user1147","TestingPassword1147"
"user1148","TestingPassword1148"
"user1149","TestingPassword1149"
"user1150","TestingPassword1150"
"user1151","TestingPassword1151"
"user1152","TestingPassword1152"
"user1153","TestingPassword1153"
"user1154","TestingPassword1154"
"user1155","TestingPassword1155"
"user1156","TestingPassword1156"
"user1157","TestingPassword1157"
"user1158","TestingPassword1158"
"user1159","TestingPassword1159"
"user1160","TestingPassword1160"
"user1161","TestingPassword1161"
"user1162","TestingPassword1162"
"user1163","TestingPassword1163"
"user1164","TestingPassword1164"
"user1165","TestingPassword1165"
"user1166","TestingPassword1166"
"user1167","TestingPassword1167"
"user1168","TestingPassword1168"
"user1169","TestingPassword1169"
"user1170","TestingPassword1170"
"user1171","TestingPassword1171"
"user1172","TestingPassword1172"
"user1173","TestingPassword1173"
"user1174","TestingPassword1174"
"user1175","TestingPassword1175"
"user1176","TestingPassword1176"
"user1177","TestingPassword1177"
"user1178","TestingPassword1178"
"user1179","TestingPassword1179"
"user1180","TestingPassword1180"
"user1181","TestingPassword1181"
"user1182","TestingPassword1182"
"user1183","TestingPassword1183"
"user1184","TestingPassword1184"
"user1185","TestingPassword1185"
"user1186","TestingPassword1186"
"user1187","TestingPassword1187"
"user1188","TestingPassword1188"
"user1189","TestingPassword1189"
"user1190","TestingPassword1190"
"user1191","TestingPassword1191"
"user1192","TestingPassword1192"
"user1193","TestingPassword1193"
"user1194","TestingPassword1194"
"user1195","TestingPassword1195"
"user1196","TestingPassword1196"
"user1197","TestingPassword1197"
"user1198","TestingPassword1198"
"user1199","TestingPassword1199"
"user1200","TestingPassword1200"
"user1201","TestingPassword1201"
"user1202","TestingPassword1202"
"user1203","TestingPassword1203"
"user1204","TestingPassword1204"
"user1205","TestingPassword1205"
"user1206","TestingPassword1206"
"user1207","TestingPassword1207"
"user1208","TestingPassword1208"
"user1209","TestingPassword1209"
"user1210","TestingPassword1210"
"user1211","TestingPassword1211"
"user1212","TestingPassword1212"
"user1213","TestingPassword1213"
"user1214","TestingPassword1214"
"user1215","TestingPassword1215"
"user1216","TestingPassword1216"
"user1217","TestingPassword1217"
"user1218","TestingPassword1218"
"user1219","TestingPassword1219"
"user1220","TestingPassword1220"
"user1221","TestingPassword1221"
"user1222","TestingPassword1222"
"user1223","TestingPassword1223"
"user1224","TestingPassword1224"
"user1225","TestingPassword1225"
"user1226","TestingPassword1226"
"user1227","TestingPassword1227"
"user1228","TestingPassword1228"
"user1229","TestingPassword1229"
"user1230","TestingPassword1230"
"user1231","TestingPassword1231"
"user1232","TestingPassword1232"
"user1233","TestingPassword1233"
"user1234","TestingPassword1234"
"user1235","TestingPassword1235"
"user1236","TestingPassword1236"
"user1237","TestingPassword1237"
"user1238","TestingPassword1238"
"user1239","TestingPassword1239"
"user1240","TestingPassword1240"
"user1241","TestingPassword1241"
"user1242","TestingPassword1242"
"user1243","TestingPassword1243"
"user1244","TestingPassword1244"
"user1245","TestingPassword1245"
"user1246","TestingPassword1246"
"user1247","TestingPassword1247"
"user1248","TestingPassword1248"
"user1249","TestingPassword1249"
"user1250","TestingPassword1250"
"user1251","TestingPassword1251"
"user1252","TestingPassword1252"
"user1253","TestingPassword1253"
"user1254","TestingPassword1254"
"user1255","TestingPassword1255"
"user1256","TestingPassword1256"
"user1257","TestingPassword1257"
"user1258","TestingPassword1258"
"user1259","TestingPassword1259"
"user1260","TestingPassword1260"
"user1261","TestingPassword1261"
"user1262","TestingPassword1262"
"user1263","TestingPassword1263"
"user1264","TestingPassword1264"
"user1265","TestingPassword1265"
"user1266","TestingPassword1266"
"user1267","TestingPassword1267"
"user1268","TestingPassword1268"
"user1269","TestingPassword1269"
"user1270","TestingPassword1270"
"user1271","TestingPassword1271"
"user1272","TestingPassword1272"
"user1273","TestingPassword1273"
"user1274","TestingPassword1274"
"user1275","TestingPassword1275"
"user1276","TestingPassword1276"
"user1277","TestingPassword1277"
"user1278","TestingPassword1278"
"user1279","TestingPassword1279"
"user1280","TestingPassword1280"
"user1281","TestingPassword1281"
"user1282","TestingPassword1282"
"user1283","TestingPassword1283"
"user1284","TestingPassword1284"
"user1285","TestingPassword1285"
"user1286","TestingPassword1286"
"user1287","TestingPassword1287"
"user1288","TestingPassword1288"
"user1289","TestingPassword1289"
"user1290","TestingPassword1290"
"user1291","TestingPassword1291"
"user1292","TestingPassword1292"
"user1293","TestingPassword1293"
"user1294","TestingPassword1294"
"user1295","TestingPassword1295"
"user1296","TestingPassword1296"
"user1297","TestingPassword1297"
"user1298","TestingPassword1298"
"user1299","TestingPassword1299"
"user1300","TestingPassword1300"
"user1301","TestingPassword1301"
"user1302","TestingPassword1302"
"user1303","TestingPassword1303"
"user1304","TestingPassword1304"
"user1305","TestingPassword1305"
"user1306","TestingPassword1306"
"user1307","TestingPassword1307"
"user1308","TestingPassword1308"
"user1309","TestingPassword1309"
"user1310","TestingPassword1310"
"user1311","TestingPassword1311"
"user1312","TestingPassword1312"
"user1313","TestingPassword1313"
"user1314","TestingPassword1314"
"user1315","TestingPassword1315"
"user1316","TestingPassword1316"
"user1317","TestingPassword1317"
"user1318","TestingPassword1318"
"user1319","TestingPassword1319"
"user1320","TestingPassword1320"
"user1321","TestingPassword1321"
"user1322","TestingPassword1322"
"user1323","TestingPassword1323"
"user1324","TestingPassword1324"
"user1325","TestingPassword1325"
"user1326","TestingPassword1326"
"user1327","TestingPassword1327"
"user1328","TestingPassword1328"
"user1329","TestingPassword1329"
"user1330","TestingPassword1330"
"user1331","TestingPassword1331"
"user1332","TestingPassword1332"
"user1333","TestingPassword1333"
"user1334","TestingPassword1334"
"user1335","TestingPassword1335"
"user1336","TestingPassword1336"
"user1337","TestingPassword1337"
"user1338","TestingPassword1338"
"user1339","TestingPassword1339"
"user1340","TestingPassword1340"
"user1341","TestingPassword1341"
"user1342","TestingPassword1342"
"user1343","TestingPassword1343"
"user1344","TestingPassword1344"
"user1345","TestingPassword1345"
"user1346","TestingPassword1346"
"user1347","TestingPassword1347"
"user1348","TestingPassword1348"
"user1349","TestingPassword1349"
"user1350","TestingPassword1350"
"user1351","TestingPassword1351"
"user1352","TestingPassword1352"
"user1353","TestingPassword1353"
"user1354","TestingPassword1354"
"user1355","TestingPassword1355"
"user1356","TestingPassword1356"
"user1357","TestingPassword1357"
"user1358","TestingPassword1358"
"user1359","TestingPassword1359"
"user1360","TestingPassword1360"
"user1361","TestingPassword1361"
"user1362","TestingPassword1362"
"user1363","TestingPassword1363"
"user1364","TestingPassword1364"
"user1365","TestingPassword1365"
"user1366","TestingPassword1366"
"user1367","TestingPassword1367"
"user1368","TestingPassword1368"
"user1369","TestingPassword1369"
"user1370","TestingPassword1370"
"user1371","TestingPassword1371"
"user1372","TestingPassword1372"
"user1373","TestingPassword1373"
"user1374","TestingPassword1374"
"user1375","TestingPassword1375"
"user1376","TestingPassword1376"
"user1377","TestingPassword1377"
"user1378","TestingPassword1378"
"user1379","TestingPassword1379"
"user1380","TestingPassword1380"
"user1381","TestingPassword1381"
"user1382","TestingPassword1382"
"user1383","TestingPassword1383"
"user1384","TestingPassword1384"
"user1385","TestingPassword1385"
"user1386","TestingPassword1386"
"user1387","TestingPassword1387"
"user1388","TestingPassword1388"
"user1389","TestingPassword1389"
"user1390","TestingPassword1390"
"user1391","TestingPassword1391"
"user1392","TestingPassword1392"
"user1393","TestingPassword1393"
"user1394","TestingPassword1394"
"user1395","TestingPassword1395"
"user1396","TestingPassword1396"
"user1397","TestingPassword1397"
"user1398","TestingPassword1398"
"user1399","TestingPassword1399"
"user1400","TestingPassword1400"
"user1401","TestingPassword1401"
"user1402","TestingPassword1402"
"user1403","TestingPassword1403"
"user1404","TestingPassword1404"
"user1405","TestingPassword1405"
"user1406","TestingPassword1406"
"user1407","TestingPassword1407"
"user1408","TestingPassword1408"
"user1409","TestingPassword1409"
"user1410","TestingPassword1410"
"user1411","TestingPassword1411"
"user1412","TestingPassword1412"
"user1413","TestingPassword1413"
"user1414","TestingPassword1414"
"user1415","TestingPassword1415"
"user1416","TestingPassword1416"
"user1417","TestingPassword1417"
"user1418","TestingPassword1418"
"user1419","TestingPassword1419"
"user1420","TestingPassword1420"
"user1421","TestingPassword1421"
"user1422","TestingPassword1422"
"user1423","TestingPassword1423"
"user1424","TestingPassword1424"
"user1425","TestingPassword1425"
"user1426","TestingPassword1426"
"user1427","TestingPassword1427"
"user1428","TestingPassword1428"
"user1429","TestingPassword1429"
"user1430","TestingPassword1430"
"user1431","TestingPassword1431"
"user1432","TestingPassword1432"
"user1433","TestingPassword1433"
"user1434","TestingPassword1434"
"user1435","TestingPassword1435"
"user1436","TestingPassword1436"
"user1437","TestingPassword1437"
"user1438","TestingPassword1438"
"user1439","TestingPassword1439"
"user1440","TestingPassword1440"
"user1441","TestingPassword1441"
"user1442","TestingPassword1442"
"user1443","TestingPassword1443"
"user1444","TestingPassword1444"
"user1445","TestingPassword1445"
"user1446","TestingPassword1446"
"user1447","TestingPassword1447"
"user1448","TestingPassword1448"
"user1449","TestingPassword1449"
"user1450","TestingPassword1450"
"user1451","TestingPassword1451"
"user1452","TestingPassword1452"
"user1453","TestingPassword1453"
"user1454","TestingPassword1454"
"user1455","TestingPassword1455"
"user1456","TestingPassword1456"
"user1457","TestingPassword1457"
"user1458","TestingPassword1458"
"user1459","TestingPassword1459"
"user1460","TestingPassword1460"
"user1461","TestingPassword1461"
"user1462","TestingPassword1462"
"user1463","TestingPassword1463"
"user1464","TestingPassword1464"
"user1465","TestingPassword1465"
"user1466","TestingPassword1466"
"user1467","TestingPassword1467"
"user1468","TestingPassword1468"
"user1469","TestingPassword1469"
"user1470","TestingPassword1470"
"user1471","TestingPassword1471"
"user1472","TestingPassword1472"
"user1473","TestingPassword1473"
"user1474","TestingPassword1474"
"user1475","TestingPassword1475"
"user1476","TestingPassword1476"
"user1477","TestingPassword1477"
"user1478","TestingPassword1478"
"user1479","TestingPassword1479"
"user1480","TestingPassword1480"
"user1481","TestingPassword1481"
"user1482","TestingPassword1482"
"user1483","TestingPassword1483"
"user1484","TestingPassword1484"
"user1485","TestingPassword1485"
"user1486","TestingPassword1486"
"user1487","TestingPassword1487"
"user1488","TestingPassword1488"
"user1489","TestingPassword1489"
"user1490","TestingPassword1490"
"user1491","TestingPassword1491"
"user1492","TestingPassword1492"
"user1493","TestingPassword1493"
"user1494","TestingPassword1494"
"user1495","TestingPassword1495"
"user1496","TestingPassword1496"
"user1497","TestingPassword1497"
"user1498","TestingPassword1498"
"user1499","TestingPassword1499"
"user1500","TestingPassword1500"
"user1501","TestingPassword1501"
"user1502","TestingPassword1502"
"user1503","TestingPassword1503"
"user1504","TestingPassword1504"
"user1505","TestingPassword1505"
"user1506","TestingPassword1506"
"user1507","TestingPassword1507"
"user1508","TestingPassword1508"
"user1509","TestingPassword1509"
"user1510","TestingPassword1510"
"user1511","TestingPassword1511"
"user1512","TestingPassword1512"
"user1513","TestingPassword1513"
"user1514","TestingPassword1514"
"user1515","TestingPassword1515"
"user1516","TestingPassword1516"
"user1517","TestingPassword1517"
"user1518","TestingPassword1518"
"user1519","TestingPassword1519"
"user1520","TestingPassword1520"
"user1521","TestingPassword1521"
"user1522","TestingPassword1522"
"user1523","TestingPassword1523"
"user1524","TestingPassword1524"
"user1525","TestingPassword1525"
"user1526","TestingPassword1526"
"user1527","TestingPassword1527"
"user1528","TestingPassword1528"
"user1529","TestingPassword1529"
"user1530","TestingPassword1530"
"user1531","TestingPassword1531"
"user1532","TestingPassword1532"
"user1533","TestingPassword1533"
"user1534","TestingPassword1534"
"user1535","TestingPassword1535"
"user1536","TestingPassword1536"
"user1537","TestingPassword1537"
"user1538","TestingPassword1538"
"user1539","TestingPassword1539"
"user1540","TestingPassword1540"
"user1541","TestingPassword1541"
"user1542","TestingPassword1542"
"user1543","TestingPassword1543"
"user1544","TestingPassword1544"
"user1545","TestingPassword1545"
"user1546","TestingPassword1546"
"user1547","TestingPassword1547"
"user1548","TestingPassword1548"
"user1549","TestingPassword1549"
"user1550","TestingPassword1550"
"user1551","TestingPassword1551"
"user1552","TestingPassword1552"
"user1553","TestingPassword1553"
"user1554","TestingPassword1554"
"user1555","TestingPassword1555"
"user1556","TestingPassword1556"
"user1557","TestingPassword1557"
"user1558","TestingPassword1558"
"user1559","TestingPassword1559"
"user1560","TestingPassword1560"
"user1561","TestingPassword1561"
"user1562","TestingPassword1562"
"user1563","TestingPassword1563"
"user1564","TestingPassword1564"
"user1565","TestingPassword1565"
"user1566","TestingPassword1566"
"user1567","TestingPassword1567"
"user1568","TestingPassword1568"
"user1569","TestingPassword1569"
"user1570","TestingPassword1570"
"user1571","TestingPassword1571"
"user1572","TestingPassword1572"
"user1573","TestingPassword1573"
"user1574","TestingPassword1574"
"user1575","TestingPassword1575"
"user1576","TestingPassword1576"
"user1577","TestingPassword1577"
"user1578","TestingPassword1578"
"user1579","TestingPassword1579"
"user1580","TestingPassword1580"
"user1581","TestingPassword1581"
"user1582","TestingPassword1582"
"user1583","TestingPassword1583"
"user1584","TestingPassword1584"
"user1585","TestingPassword1585"
"user1586","TestingPassword1586"
"user1587","TestingPassword1587"
"user1588","TestingPassword1588"
"user1589","TestingPassword1589"
"user1590","TestingPassword1590"
"user1591","TestingPassword1591"
"user1592","TestingPassword1592"
"user1593","TestingPassword1593"
"user1594","TestingPassword1594"
"user1595","TestingPassword1595"
"user1596","TestingPassword1596"
"user1597","TestingPassword1597"
"user1598","TestingPassword1598"
"user1599","TestingPassword1599"
"user1600","TestingPassword1600"
"user1601","TestingPassword1601"
"user1602","TestingPassword1602"
"user1603","TestingPassword1603"
"user1604","TestingPassword1604"
"user1605","TestingPassword1605"
"user1606","TestingPassword1606"
"user1607","TestingPassword1607"
"user1608","TestingPassword1608"
"user1609","TestingPassword1609"
"user1610","TestingPassword1610"
"user1611","TestingPassword1611"
"user1612","TestingPassword1612"
"user1613","TestingPassword1613"
"user1614","TestingPassword1614"
"user1615","TestingPassword1615"
"user1616","TestingPassword1616"
"user1617","TestingPassword1617"
"user1618","TestingPassword1618"
"user1619","TestingPassword1619"
"user1620","TestingPassword1620"
"user1621","TestingPassword1621"
"user1622","TestingPassword1622"
"user1623","TestingPassword1623"
"user1624","TestingPassword1624"
"user1625","TestingPassword1625"
"user1626","TestingPassword1626"
"user1627","TestingPassword1627"
"user1628","TestingPassword1628"
"user1629","TestingPassword1629"
"user1630","TestingPassword1630"
"user1631","TestingPassword1631"
"user1632","TestingPassword1632"
"user1633","TestingPassword1633"
"user1634","TestingPassword1634"
"user1635","TestingPassword1635"
"user1636","TestingPassword1636"
"user1637","TestingPassword1637"
"user1638","TestingPassword1638"
"user1639","TestingPassword1639"
"user1640","TestingPassword1640"
"user1641","TestingPassword1641"
"user1642","TestingPassword1642"
"user1643","TestingPassword1643"
"user1644","TestingPassword1644"
"user1645","TestingPassword1645"
"user1646","TestingPassword1646"
"user1647","TestingPassword1647"
"user1648","TestingPassword1648"
"user1649","TestingPassword1649"
"user1650","TestingPassword1650"
"user1651","TestingPassword1651"
"user1652","TestingPassword1652"
"user1653","TestingPassword1653"
"user1654","TestingPassword1654"
"user1655","TestingPassword1655"
"user1656","TestingPassword1656"
"user1657","TestingPassword1657"
"user1658","TestingPassword1658"
"user1659","TestingPassword1659"
"user1660","TestingPassword1660"
"user1661","TestingPassword1661"
"user1662","TestingPassword1662"
"user1663","TestingPassword1663"
"user1664","TestingPassword1664"
"user1665","TestingPassword1665"
"user1666","TestingPassword1666"
"user1667","TestingPassword1667"
"user1668","TestingPassword1668"
"user1669","TestingPassword1669"
"user1670","TestingPassword1670"
"user1671","TestingPassword1671"
"user1672","TestingPassword1672"
"user1673","TestingPassword1673"
"user1674","TestingPassword1674"
"user1675","TestingPassword1675"
"user1676","TestingPassword1676"
"user1677","TestingPassword1677"
"user1678","TestingPassword1678"
"user1679","TestingPassword1679"
"user1680","TestingPassword1680"
"user1681","TestingPassword1681"
"user1682","TestingPassword1682"
"user1683","TestingPassword1683"
"user1684","TestingPassword1684"
"user1685","TestingPassword1685"
"user1686","TestingPassword1686"
"user1687","TestingPassword1687"
"user1688","TestingPassword1688"
"user1689","TestingPassword1689"
"user1690","TestingPassword1690"
"user1691","TestingPassword1691"
"user1692","TestingPassword1692"
"user1693","TestingPassword1693"
"user1694","TestingPassword1694"
"user1695","TestingPassword1695"
"user1696","TestingPassword1696"
"user1697","TestingPassword1697"
"user1698","TestingPassword1698"
"user1699","TestingPassword1699"
"user1700","TestingPassword1700"
"user1701","TestingPassword1701"
"user1702","TestingPassword1702"
"user1703","TestingPassword1703"
"user1704","TestingPassword1704"
"user1705","TestingPassword1705"
"user1706","TestingPassword1706"
"user1707","TestingPassword1707"
"user1708","TestingPassword1708"
"user1709","TestingPassword1709"
"user1710","TestingPassword1710"
"user1711","TestingPassword1711"
"user1712","TestingPassword1712"
"user1713","TestingPassword1713"
"user1714","TestingPassword1714"
"user1715","TestingPassword1715"
"user1716","TestingPassword1716"
"user1717","TestingPassword1717"
"user1718","TestingPassword1718"
"user1719","TestingPassword1719"
"user1720","TestingPassword1720"
"user1721","TestingPassword1721"
"user1722","TestingPassword1722"
"user1723","TestingPassword1723"
"user1724","TestingPassword1724"
"user1725","TestingPassword1725"
"user1726","TestingPassword1726"
"user1727","TestingPassword1727"
"user1728","TestingPassword1728"
"user1729","TestingPassword1729"
"user1730","TestingPassword1730"
"user1731","TestingPassword1731"
"user1732","TestingPassword1732"
"user1733","TestingPassword1733"
"user1734","TestingPassword1734"
"user1735","TestingPassword1735"
"user1736","TestingPassword1736"
"user1737","TestingPassword1737"
"user1738","TestingPassword1738"
"user1739","TestingPassword1739"
"user1740","TestingPassword1740"
"user1741","TestingPassword1741"
"user1742","TestingPassword1742"
"user1743","TestingPassword1743"
"user1744","TestingPassword1744"
"user1745","TestingPassword1745"
"user1746","TestingPassword1746"
"user1747","TestingPassword1747"
"user1748","TestingPassword1748"
"user1749","TestingPassword1749"
"user1750","TestingPassword1750"
"user1751","TestingPassword1751"
"user1752","TestingPassword1752"
"user1753","TestingPassword1753"
"user1754","TestingPassword1754"
"user1755","TestingPassword1755"
"user1756","TestingPassword1756"
"user1757","TestingPassword1757"
"user1758","TestingPassword1758"
"user1759","TestingPassword1759"
"user1760","TestingPassword1760"
"user1761","TestingPassword1761"
"user1762","TestingPassword1762"
"user1763","TestingPassword1763"
"user1764","TestingPassword1764"
"user1765","TestingPassword1765"
"user1766","TestingPassword1766"
"user1767","TestingPassword1767"
"user1768","TestingPassword1768"
"user1769","TestingPassword1769"
"user1770","TestingPassword1770"
"user1771","TestingPassword1771"
"user1772","TestingPassword1772"
"user1773","TestingPassword1773"
"user1774","TestingPassword1774"
"user1775","TestingPassword1775"
"user1776","TestingPassword1776"
"user1777","TestingPassword1777"
"user1778","TestingPassword1778"
"user1779","TestingPassword1779"
"user1780","TestingPassword1780"
"user1781","TestingPassword1781"
"user1782","TestingPassword1782"
"user1783","TestingPassword1783"
"user1784","TestingPassword1784"
"user1785","TestingPassword1785"
"user1786","TestingPassword1786"
"user1787","TestingPassword1787"
"user1788","TestingPassword1788"
"user1789","TestingPassword1789"
"user1790","TestingPassword1790"
"user1791","TestingPassword1791"
"user1792","TestingPassword1792"
"user1793","TestingPassword1793"
"user1794","TestingPassword1794"
"user1795","TestingPassword1795"
"user1796","TestingPassword1796"
"user1797","TestingPassword1797"
"user1798","TestingPassword1798"
"user1799","TestingPassword1799"
"user1800","TestingPassword1800"
"user1801","TestingPassword1801"
"user1802","TestingPassword1802"
"user1803","TestingPassword1803"
"user1804","TestingPassword1804"
"user1805","TestingPassword1805"
"user1806","TestingPassword1806"
"user1807","TestingPassword1807"
"user1808","TestingPassword1808"
"user1809","TestingPassword1809"
"user1810","TestingPassword1810"
"user1811","TestingPassword1811"
"user1812","TestingPassword1812"
"user1813","TestingPassword1813"
"user1814","TestingPassword1814"
"user1815","TestingPassword1815"
"user1816","TestingPassword1816"
"user1817","TestingPassword1817"
"user1818","TestingPassword1818"
"user1819","TestingPassword1819"
"user1820","TestingPassword1820"
"user1821","TestingPassword1821"
"user1822","TestingPassword1822"
"user1823","TestingPassword1823"
"user1824","TestingPassword1824"
"user1825","TestingPassword1825"
"user1826","TestingPassword1826"
"user1827","TestingPassword1827"
"user1828","TestingPassword1828"
"user1829","TestingPassword1829"
"user1830","TestingPassword1830"
"user1831","TestingPassword1831"
"user1832","TestingPassword1832"
"user1833","TestingPassword1833"
"user1834","TestingPassword1834"
"user1835","TestingPassword1835"
"user1836","TestingPassword1836"
"user1837","TestingPassword1837"
"user1838","TestingPassword1838"
"user1839","TestingPassword1839"
"user1840","TestingPassword1840"
"user1841","TestingPassword1841"
"user1842","TestingPassword1842"
"user1843","TestingPassword1843"
"user1844","TestingPassword1844"
"user1845","TestingPassword1845"
"user1846","TestingPassword1846"
"user1847","TestingPassword1847"
"user1848","TestingPassword1848"
"user1849","TestingPassword1849"
"user1850","TestingPassword1850"
"user1851","TestingPassword1851"
"user1852","TestingPassword1852"
"user1853","TestingPassword1853"
"user1854","TestingPassword1854"
"user1855","TestingPassword1855"
"user1856","TestingPassword1856"
"user1857","TestingPassword1857"
"user1858","TestingPassword1858"
"user1859","TestingPassword1859"
"user1860","TestingPassword1860"
"user1861","TestingPassword1861"
"user1862","TestingPassword1862"
"user1863","TestingPassword1863"
"user1864","TestingPassword1864"
"user1865","TestingPassword1865"
"user1866","TestingPassword1866"
"user1867","TestingPassword1867"
"user1868","TestingPassword1868"
"user1869","TestingPassword1869"
"user1870","TestingPassword1870"
"user1871","TestingPassword1871"
"user1872","TestingPassword1872"
"user1873","TestingPassword1873"
"user1874","TestingPassword1874"
"user1875","TestingPassword1875"
"user1876","TestingPassword1876"
"user1877","TestingPassword1877"
"user1878","TestingPassword1878"
"user1879","TestingPassword1879"
"user1880","TestingPassword1880"
"user1881","TestingPassword1881"
"user1882","TestingPassword1882"
"user1883","TestingPassword1883"
"user1884","TestingPassword1884"
"user1885","TestingPassword1885"
"user1886","TestingPassword1886"
"user1887","TestingPassword1887"
"user1888","TestingPassword1888"
"user1889","TestingPassword1889"
"user1890","TestingPassword1890"
"user1891","TestingPassword1891"
"user1892","TestingPassword1892"
"user1893","TestingPassword1893"
"user1894","TestingPassword1894"
"user1895","TestingPassword1895"
"user1896","TestingPassword1896"
"user1897","TestingPassword1897"
"user1898","TestingPassword1898"
"user1899","TestingPassword1899"
"user1900","TestingPassword1900"
"user1901","TestingPassword1901"
"user1902","TestingPassword1902"
"user1903","TestingPassword1903"
"user1904","TestingPassword1904"
"user1905","TestingPassword1905"
"user1906","TestingPassword1906"
"user1907","TestingPassword1907"
"user1908","TestingPassword1908"
"user1909","TestingPassword1909"
"user1910","TestingPassword1910"
"user1911","TestingPassword1911"
"user1912","TestingPassword1912"
"user1913","TestingPassword1913"
"user1914","TestingPassword1914"
"user1915","TestingPassword1915"
"user1916","TestingPassword1916"
"user1917","TestingPassword1917"
"user1918","TestingPassword1918"
"user1919","TestingPassword1919"
"user1920","TestingPassword1920"
"user1921","TestingPassword1921"
"user1922","TestingPassword1922"
"user1923","TestingPassword1923"
"user1924","TestingPassword1924"
"user1925","TestingPassword1925"
"user1926","TestingPassword1926"
"user1927","TestingPassword1927"
"user1928","TestingPassword1928"
"user1929","TestingPassword1929"
"user1930","TestingPassword1930"
"user1931","TestingPassword1931"
"user1932","TestingPassword1932"
"user1933","TestingPassword1933"
"user1934","TestingPassword1934"
"user1935","TestingPassword1935"
"user1936","TestingPassword1936"
"user1937","TestingPassword1937"
"user1938","TestingPassword1938"
"user1939","TestingPassword1939"
"user1940","TestingPassword1940"
"user1941","TestingPassword1941"
"user1942","TestingPassword1942"
"user1943","TestingPassword1943"
"user1944","TestingPassword1944"
"user1945","TestingPassword1945"
"user1946","TestingPassword1946"
"user1947","TestingPassword1947"
"user1948","TestingPassword1948"
"user1949","TestingPassword1949"
"user1950","TestingPassword1950"
"user1951","TestingPassword1951"
"user1952","TestingPassword1952"
"user1953","TestingPassword1953"
"user1954","TestingPassword1954"
"user1955","TestingPassword1955"
"user1956","TestingPassword1956"
"user1957","TestingPassword1957"
"user1958","TestingPassword1958"
"user1959","TestingPassword1959"
"user1960","TestingPassword1960"
"user1961","TestingPassword1961"
"user1962","TestingPassword1962"
"user1963","TestingPassword1963"
"user1964","TestingPassword1964"
"user1965","TestingPassword1965"
"user1966","TestingPassword1966"
"user1967","TestingPassword1967"
"user1968","TestingPassword1968"
"user1969","TestingPassword1969"
"user1970","TestingPassword1970"
"user1971","TestingPassword1971"
"user1972","TestingPassword1972"
"user1973","TestingPassword1973"
"user1974","TestingPassword1974"
"user1975","TestingPassword1975"
"user1976","TestingPassword1976"
"user1977","TestingPassword1977"
"user1978","TestingPassword1978"
"user1979","TestingPassword1979"
"user1980","TestingPassword1980"
"user1981","TestingPassword1981"
"user1982","TestingPassword1982"
"user1983","TestingPassword1983"
"user1984","TestingPassword1984"
"user1985","TestingPassword1985"
"user1986","TestingPassword1986"
"user1987","TestingPassword1987"
"user1988","TestingPassword1988"
"user1989","TestingPassword1989"
"user1990","TestingPassword1990"
"user1991","TestingPassword1991"
"user1992","TestingPassword1992"
"user1993","TestingPassword1993"
"user1994","TestingPassword1994"
"user1995","TestingPassword1995"
"user1996","TestingPassword1996"
"user1997","TestingPassword1997"
"user1998","TestingPassword1998"
"user1999","TestingPassword1999"
"user2000","TestingPassword2000"
"user2001","TestingPassword2001"
"user2002","TestingPassword2002"
"user2003","TestingPassword2003"
"user2004","TestingPassword2004"
"user2005","TestingPassword2005"
"user2006","TestingPassword2006"
"user2007","TestingPassword2007"
"user2008","TestingPassword2008"
"user2009","TestingPassword2009"
"user2010","TestingPassword2010"
"user2011","TestingPassword2011"
"user2012","TestingPassword2012"
"user2013","TestingPassword2013"
"user2014","TestingPassword2014"
"user2015","TestingPassword2015"
"user2016","TestingPassword2016"
"user2017","TestingPassword2017"
"user2018","TestingPassword2018"
"user2019","TestingPassword2019"
"user2020","TestingPassword2020"
"user2021","TestingPassword2021"
"user2022","TestingPassword2022"
"user2023","TestingPassword2023"
"user2024","TestingPassword2024"
"user2025","TestingPassword2025"
"user2026","TestingPassword2026"
"user2027","TestingPassword2027"
"user2028","TestingPassword2028"
"user2029","TestingPassword2029"
"user2030","TestingPassword2030"
"user2031","TestingPassword2031"
"user2032","TestingPassword2032"
"user2033","TestingPassword2033"
"user2034","TestingPassword2034"
"user2035","TestingPassword2035"
"user2036","TestingPassword2036"
"user2037","TestingPassword2037"
"user2038","TestingPassword2038"
"user2039","TestingPassword2039"
"user2040","TestingPassword2040"
"user2041","TestingPassword2041"
"user2042","TestingPassword2042"
"user2043","TestingPassword2043"
"user2044","TestingPassword2044"
"user2045","TestingPassword2045"
"user2046","TestingPassword2046"
"user2047","TestingPassword2047"
"user2048","TestingPassword2048"
"user2049","TestingPassword2049"
"user2050","TestingPassword2050"
"user2051","TestingPassword2051"
"user2052","TestingPassword2052"
"user2053","TestingPassword2053"
